tahun,mm_per_hari
2022,6.7720857966834895
2023,5.736877433309301
2024,5.3989351452401495
