Iterasi ke-,Nilai Fungsi Objektif
1,265.36857605236577
2,265.36857605236577
